{
    "N": 28,
    "x1": [
        -0.33893326246257527,
        0.39312933434704367,
        0.7909315697096388,
        0.3542069008243524,
        -0.3877234266320073,
        -0.27737536946314184,
        0.11305186128048203,
        -0.08761883418166923,
        0.4379129369740169,
        -0.0632273810575101,
        -0.00473117437590144,
        0.07180890274643278,
        -0.35493360380901645,
        -0.33893326246257527,
        -0.00473117437590144,
        0.9250998176954691,
        0.1231021971339834,
        0.11305186128048203,
        0.32195305587914863,
        0.11305186128048203,
        -0.027720692600600266,
        0.4737590687471528,
        0.45956811821169646,
        0.33821357675092883,
        -0.3877234266320073,
        0.18137110525795921,
        2.0281495630808934,
        0.7419421066228015
    ],
    "x2": [
        4.2626798770413155,
        4.23410650459726,
        4.442651256490317,
        4.605170185988092,
        4.07753744390572,
        4.290459441148391,
        4.143134726391533,
        4.394449154672439,
        4.30406509320417,
        4.465908118654584,
        4.3694478524670215,
        4.532599493153256,
        4.0943445622221,
        4.248495242049359,
        4.418840607796598,
        4.248495242049359,
        4.290459441148391,
        4.442651256490317,
        4.219507705176107,
        4.174387269895637,
        3.970291913552122,
        3.912023005428146,
        4.30406509320417,
        4.204692619390966,
        4.382026634673881,
        4.204692619390966,
        4.219507705176107,
        4.279440045898781
    ],
    "x3": [
        4.624972813284271,
        4.127134385045092,
        4.2626798770413155,
        4.248495242049359,
        4.553876891600541,
        4.31748811353631,
        4.1588830833596715,
        4.3694478524670215,
        4.276666119016055,
        4.330733340286331,
        4.30406509320417,
        4.51085950651685,
        4.574710978503383,
        4.584967478670572,
        4.30406509320417,
        4.127134385045092,
        4.653960350157523,
        4.663439094112067,
        4.653960350157523,
        4.820281565605037,
        4.454347296253507,
        4.204692619390966,
        4.30406509320417,
        4.6913478822291435,
        4.68213122712422,
        4.77912349311153,
        4.07753744390572,
        4.574710978503383
    ],
    "y": [
        4.882801922586371,
        3.970291913552122,
        3.912023005428146,
        4.406719247264253,
        4.700480365792417,
        4.605170185988092,
        4.219507705176107,
        4.5217885770490405,
        4.0943445622221,
        4.543294782270004,
        4.653960350157523,
        4.584967478670572,
        4.718498871295094,
        4.8283137373023015,
        4.68213122712422,
        3.4011973816621555,
        4.709530201312334,
        4.867534450455582,
        4.543294782270004,
        4.867534450455582,
        4.07753744390572,
        3.6375861597263857,
        4.174387269895637,
        4.442651256490317,
        4.941642422609304,
        4.382026634673881,
        1.4586150226995167,
        3.765840495250065
    ]
}